filename, QR_CODE
perspectiveimage019_jpg.rf.e81b4e1472db793e38b092c80dd7c3bc.jpg, 1
damagedimage027_jpg.rf.e951d88458520533a60c9390f0ed9d6c.jpg, 1
monitorimage011_jpg.rf.e6bdb722ede763907ded52852bbadf6e.jpg, 1
high_versionimage005_jpg.rf.e952fc88a2de6068de797df5a560d60b.jpg, 1
closeimage035_jpg.rf.e93c29aef84224406f86327a715816f4.jpg, 1
curvedimage036_jpg.rf.ea76808e49477cd42308b5cb997eec28.jpg, 1
brightnessimage021_jpg.rf.e6fff39dee4085a55e63ee3a61d7e2ba.jpg, 1
rotationsimage022_jpg.rf.e6d3de2183c87a824bbc65a42370feea.jpg, 1
monitorimage001_jpg.rf.e64e7980b1c470e5b794b73aaeed3743.jpg, 1
nominalimage040_jpg.rf.ea57eb559559080ef66cbf643b3c9883.jpg, 1
blurredimage017_jpg.rf.e65c2ed9cb62039e2707b1591618ad79.jpg, 1
v2VCard-Type_png.rf.e4ca379dd3968b832f11eabed27b2535.jpg, 1
shadowsimage014_jpg.rf.e8413940e924bee6e2ed13f2b8c21705.jpg, 1
pathologicalimage013_png.rf.ec290e98a692dabab363507941f1ccda.jpg, 1
nominalimage051_jpg.rf.eb169c864f6365a01a97775212e699a5.jpg, 1
curvedimage018_jpg.rf.e3b9dbb567119b91d861bd2461b16178.jpg, 1
rotationsimage014_jpg.rf.e425f89756881075a3a6f709a3ad17dd.jpg, 1
rotationsimage017_jpg.rf.ec365b8e2940441f14eeac0e298f01af.jpg, 1
closeimage034_jpg.rf.ebe7fdf9a7fbd82356ffcc154818c56c.jpg, 1
glareimage012_jpg.rf.e3a61271fd30f1e53e4c4756429cc2a3.jpg, 1
nominalimage041_jpg.rf.ed6ba7ad7a1ad75e08cbcdf12c7e9c80.jpg, 1
brightnessimage017_jpg.rf.edb8405bb22fa2f78caee6a512fad275.jpg, 1
nominalimage028_jpg.rf.e6c60709450504c4b8e2bdb0201f6dac.jpg, 1
shadowsimage005_jpg.rf.ec7c1a9a42ac99265a7b1e6ca0518515.jpg, 1
rotationsimage012_jpg.rf.eb795603a22cd5126b4c3743affa40ff.jpg, 1
blurredimage040_jpg.rf.ee42d2dd9cda90478159e0501d74ca79.jpg, 1
pathologicalimage010_png.rf.ec4ce3646dc8147ac3e680a98148d095.jpg, 1
curvedimage040_jpg.rf.f0052f437e5b0348e2f03f3ca2bd8c2f.jpg, 1
closeimage017_jpg.rf.e614871ab92469b03cd6a29bcc089980.jpg, 1
nominalimage030_jpg.rf.eef20abb7c6818d42284ea8c178c58fc.jpg, 1
perspectiveimage024_jpg.rf.ed619ca84754086d277ef2df3f414e0a.jpg, 1
bright_spotsimage032_jpg.rf.f038841e75c14af80f26be0463251330.jpg, 1
noncompliantimage005_jpg.rf.ee3a7e03739651b13bfc4c61e4e15997.jpg, 1
curvedimage030_jpg.rf.f295380d57e9e2da43c2fabd8be44247.jpg, 1
v3VCard-BasicWikipedia_png.rf.f578f79b0296bd8538f3cc16959b15d1.jpg, 1
high_versionimage027_jpg.rf.f2aadcf8bc1ce02d157666ef64cfbf76.jpg, 1
curvedimage016_jpg.rf.f33b47272555b70ac0f9d4d47234aef8.jpg, 1
nominalimage059_jpg.rf.edc4a48d7643659e63356df4e20cb33d.jpg, 1
lotsimage005_jpg.rf.f69be6b2f05d1b4fa9cbe9d6ceef7988.jpg, 1
bright_spotsimage030_jpg.rf.f01514efb6124ad19ff0fa6047d4160d.jpg, 1
blurredimage019_jpg.rf.f12d0e4b891d5b34f7a53e3b547cb70a.jpg, 1
damagedimage005_jpg.rf.f5d7c9ddaec0140b68c060aad90709a6.jpg, 1
rotationsimage024_jpg.rf.f64181c32955233ccc0262f2075aeb0b.jpg, 1
blurredimage043_jpg.rf.f63a27bf38c073fd8b3bda47025150fe.jpg, 1
damagedimage017_jpg.rf.f7fdf0cd102c1e2defb901f298d1c8ad.jpg, 1
glareimage042_jpg.rf.f210384ac38c9a99692dab265c34f003.jpg, 1
high_versionimage011_jpg.rf.f95487d7b42aa660565a66f8c53d527f.jpg, 1
curvedimage012_jpg.rf.facf8de50068a848da1eb2b918b99341.jpg, 1
rotationsimage033_jpg.rf.f6098a47d21346971c25660b46051c24.jpg, 1
pathologicalimage011_png.rf.fbb6d9a35a49e7cd4f0f468c21d3bfd6.jpg, 1
glareimage030_jpg.rf.f9740db7f1f959e715541ea309aae1f8.jpg, 1
bright_spotsimage008_jpg.rf.f8727057488354d6101d82a63e1f858b.jpg, 1
brightnessimage002_jpg.rf.f15e6e2cfd062f74761bb20052b832b7.jpg, 1
brightnessimage026_jpg.rf.fab136972321fb1db75d7e950e860b57.jpg, 1
closeimage003_jpg.rf.f25db114e9ed3b396df75249884865d5.jpg, 1
blurredimage034_jpg.rf.f9105b9942140ca8b7e9395dfe6ef1a2.jpg, 1
bright_spotsimage002_jpg.rf.fdbc1e656e9c8926c154e325d83c8aa5.jpg, 1
rotationsimage025_jpg.rf.fbf32f3ef5a12c0a7af7c44b3267eaea.jpg, 1
high_versionimage021_jpg.rf.fb41f53c21abb355130636b5feca67b0.jpg, 1
blurredimage022_jpg.rf.ff6ac3b89f2cfca44fdcb2a7808017c6.jpg, 1
perspectiveimage010_jpg.rf.f46523d66ced2432c788705250ddfd2a.jpg, 1
bright_spotsimage019_jpg.rf.f315f6149d07ddef59552e12cb33fb25.jpg, 1
high_versionimage023_jpg.rf.005866de7c17e904ccb0d11b08888584.jpg, 1
monitorimage010_jpg.rf.01de694f67800f88baa0776911158cb0.jpg, 1
damagedimage003_jpg.rf.030c4e5242992da11b7b5caa986dd987.jpg, 1
nominalimage048_jpg.rf.00f4c5bcc9384870381b1f41843a017c.jpg, 1
curvedimage047_jpg.rf.0091cf60a59045d000c2db6ed51d9e9c.jpg, 1
nominalimage045_jpg.rf.02e78231cf5c6ac73324948f45e85d04.jpg, 1
glareimage005_jpg.rf.0388d3db044b319556d58bacc56c0461.jpg, 1
damagedimage016_jpg.rf.03bf8244e0835281fef4cba8c2a0606a.jpg, 1
blurredimage038_jpg.rf.009e44357f9ec62c3d940a876e8858b0.jpg, 1
damagedimage006_jpg.rf.04856ef8f1093ac7aafa419e6b3b8fdb.jpg, 1
noncompliantimage009_jpg.rf.01101f369c4a05e05df27219ce98a8d3.jpg, 1
monitorimage016_jpg.rf.022532cc0b0d3b2838f3777499ca3ed3.jpg, 1
curvedimage032_jpg.rf.0bf4d8639296c1f9e5b6f83cf1abfc9c.jpg, 1
high_versionimage004_jpg.rf.061537f3cb1fef29a2d73f01baf3910e.jpg, 1
v2MeCard-Dates_png.rf.04fc66f650d9796bf9d1bde79a5c11f3.jpg, 1
pathologicalimage007_png.rf.04acfadea76d256a5298fbd8a8f0b10e.jpg, 1
perspectiveimage005_jpg.rf.0843df2d4ed5ebf93d8c79dee1c60d9f.jpg, 1
glareimage039_jpg.rf.048edf7a7f34e56328faf9d19c94dae2.jpg, 1
damagedimage031_jpg.rf.02583d0dc26779c0c3b4e82eff35d03b.jpg, 1
bright_spotsimage005_jpg.rf.05141183d39e0a5e250d613602389619.jpg, 1
rotationsimage011_jpg.rf.084a6320ce562d2856c67c0ef5259165.jpg, 1
glareimage050_jpg.rf.08a2010680c65dde29cf5cec11fc98a3.jpg, 1
nominalimage008_jpg.rf.0adcad276f3662b84c18a0775cc73843.jpg, 1
rotationsimage039_jpg.rf.07ce9399a21188ac02fd7a2f8869b1ed.jpg, 1
high_versionimage029_jpg.rf.0bf5264b5df8bebdd231ff5156e03221.jpg, 1
closeimage016_jpg.rf.101d72e03a917b0fc3a430b165de9b50.jpg, 1
perspectiveimage018_jpg.rf.1054cb78511818c8a5abd2d2f70501e6.jpg, 1
blurredimage011_jpg.rf.0f7114f9bbd507127176490f8ec1b4ea.jpg, 1
perspectiveimage021_jpg.rf.0e77eccf2434c5f48a5d52a2c537f5e8.jpg, 1
rotationsimage042_jpg.rf.0f6f633b5e1e40625c3a93102c026bd0.jpg, 1
curvedimage048_jpg.rf.0c1d21e7da98dcc816eeb98f251a6724.jpg, 1
v2WIFI_png.rf.0eebda143c43a9cd153df22a596cc6cb.jpg, 1
perspectiveimage026_jpg.rf.112938a4951fffd0a683dfbccdd3314c.jpg, 1
nominalimage060_jpg.rf.0d0630006aef2d95b5601b02b1976f36.jpg, 1
nominalimage043_jpg.rf.09ddeff81f99f21919c59c5ba32451db.jpg, 1
pathologicalimage009_png.rf.13d9245210af1efe33f1330d88aa1feb.jpg, 1
monitorimage008_jpg.rf.085fa57ee3c03f298bce88763ee7f846.jpg, 1
closeimage001_jpg.rf.124c57a685f6c1e437fc8e5026060e3d.jpg, 1
v2Email_png.rf.13f1ee7865783bb4098f97d483433734.jpg, 1
rotationsimage028_jpg.rf.12d64919916581d797e51f0231cf8661.jpg, 1
glareimage040_jpg.rf.15326fabb083a4479245321788949163.jpg, 1
glareimage010_jpg.rf.134187705b2e834abbd8fdd0706b890f.jpg, 1
v2VCard-Title_png.rf.15d02a3d2fa25471ce8aeb69977e8bef.jpg, 1
v3VCard-Encoding_png.rf.1282893e7b759b18f64bf0799e3dbb12.jpg, 1
pathologicalimage006_png.rf.147f1864db024326a963e832975e365c.jpg, 1
glareimage021_jpg.rf.10c38a34fa6a7ef20c3566aab01a5ab5.jpg, 1
curvedimage038_jpg.rf.1670316775a36a10b400b953feaa0010.jpg, 1
v2MeCard-Address_png.rf.16121c68f5584dfed436e18b6fa55679.jpg, 1
perspectiveimage011_jpg.rf.19f672c77e6b918e6eee6fe24be2668a.jpg, 1
glareimage022_jpg.rf.18fdf257c67022a644a5842a3677f21e.jpg, 1
v2Phone_png.rf.142dfbcf3a512eac060041eb5112ae92.jpg, 1
blurredimage039_jpg.rf.160ea8f38f34a42b469704dbb7af2404.jpg, 1
pathologicalimage021_png.rf.1c6df27fb0907ea4204483338470b82d.jpg, 1
closeimage012_jpg.rf.1c6b5d54df26ccca6dd36d04d0ae28fc.jpg, 1
nominalimage029_jpg.rf.1f5cb5b87b67e2ea16b139dde24301ef.jpg, 1
perspectiveimage017_jpg.rf.15050734464f0f5850f66596b122b4de.jpg, 1
nominalimage061_jpg.rf.1fda777e9e458750baec4a773618e039.jpg, 1
perspectiveimage030_jpg.rf.1e0e3c344d4117933f91b2608e44d21e.jpg, 1
rotationsimage018_jpg.rf.1f0b34d7c70d89fe2d7c2c83d7696e65.jpg, 1
shadowsimage011_jpg.rf.1627077653bfaf9b820f0461844427d4.jpg, 1
damagedimage032_jpg.rf.1fcb34651b20c66529162dad2cdea381.jpg, 1
perspectiveimage020_jpg.rf.1b601c34e7f7afda233856f02c09c4cc.jpg, 1
closeimage019_jpg.rf.25b2c265eb89089203f603ac32742318.jpg, 1
curvedimage015_jpg.rf.1cd4b7d3e17b734db19c66b2e24fff50.jpg, 1
brightnessimage018_jpg.rf.1c9d367353b96eadf74e500af5e938ce.jpg, 1
lotsimage007_jpg.rf.221632cf37a7eed206130fc676ae760d.jpg, 1
rotationsimage031_jpg.rf.163830d3ab23d5610a85172cc07e67c3.jpg, 1
noncompliantimage008_jpg.rf.1abfa50cd414a4cf09cf8c88a936f0d3.jpg, 1
lotsimage003_jpg.rf.24d1e35f8dbd74fe270246ecd0948c03.jpg, 1
glareimage023_jpg.rf.2747dab59a34ebbc8cf5a84f91bcf598.jpg, 1
curvedimage007_jpg.rf.26969937f211776f78bed1655cd569d0.jpg, 1
v3VCard-Type_png.rf.283cbe2fda09184d07e3f6a71195221b.jpg, 1
high_versionimage002_jpg.rf.280d0129d22738bcccc92c27c1cbdd63.jpg, 1
glareimage031_jpg.rf.27e4b4163080bcd5fa9cc3f232e82049.jpg, 1
curvedimage035_jpg.rf.276155a485cf30932116e021c9754af3.jpg, 1
damagedimage028_jpg.rf.288c97a9394be666f95d3357c0f932d7.jpg, 1
brightnessimage024_jpg.rf.26f990a7559b79966b4f19f0176ad0e6.jpg, 1
blurredimage045_jpg.rf.25e4cf9193dd5b726a220273a4490f93.jpg, 1
perspectiveimage029_jpg.rf.21e465c5a95d1543c2d42aa095b1625e.jpg, 1
rotationsimage005_jpg.rf.28a78b070814885bc4b991fe87a76cf6.jpg, 1
curvedimage006_jpg.rf.2a2ca52f7fc521e6eb79f5e1666ec4d6.jpg, 1
bright_spotsimage018_jpg.rf.2fb846bca41a7eb4e0ecb96464982b84.jpg, 1
nominalimage023_jpg.rf.28b8734da1898a3cd57bf7740a9ae837.jpg, 1
v3Twitter_png.rf.2649820d4997259aeafabaa5b33baec9.jpg, 1
damagedimage021_jpg.rf.2b6890bda9ba07e4cf2a2f244ae2672f.jpg, 1
perspectiveimage015_jpg.rf.2f627ff77088ca412653c07e9486d586.jpg, 1
damagedimage023_jpg.rf.2c095f2a91cbd5e5642f2ce16f1cfebf.jpg, 1
brightnessimage023_jpg.rf.306d43ea8de4e253516002a87959d89d.jpg, 1
pathologicalimage001_png.rf.304b7636ff77ed8c83d03a6784c6e232.jpg, 1
bright_spotsimage020_jpg.rf.31ec22bf41d3a3af0fe0d530164bfdf5.jpg, 1
pathologicalimage017_png.rf.324e345e0074bdf4938cfe8d4c265c44.jpg, 1
blurredimage018_jpg.rf.2b8952e5b20b26ad2707d034bbf20a60.jpg, 1
nominalimage042_jpg.rf.355c6e7737d12a53795023f5aecde9df.jpg, 1
bright_spotsimage024_jpg.rf.3655b88990d86bc1fa9dbb1dc3b7856b.jpg, 1
rotationsimage040_jpg.rf.372442108088f263ee5e5e2901ae6f26.jpg, 1
noncompliantimage016_jpg.rf.372f7b6178e9672d22cdac43e3856b66.jpg, 1
rotationsimage030_jpg.rf.300e049f8a28bf4469687f49d76d0016.jpg, 1
pathologicalimage023_png.rf.33edeb7d55e73b4813d2c8e58dc205c4.jpg, 1
blurredimage037_jpg.rf.2469f49301d4c3ac6702714315214648.jpg, 1
pathologicalimage002_png.rf.361ce8d003cd9ca572bad6bed0235bb1.jpg, 1
rotationsimage010_jpg.rf.33defbcfedbe4cf48c3a78455e5ba8e8.jpg, 1
glareimage048_jpg.rf.336a3f1a37edd2f74dbd90fda244cf11.jpg, 1
rotationsimage027_jpg.rf.3250cead1a60f094dd2d01d8b64ff42f.jpg, 1
rotationsimage007_jpg.rf.380a3be513406793335d8b80a192b6fc.jpg, 1
closeimage011_jpg.rf.364b30cf17123f2642960a71f1ca910c.jpg, 1
brightnessimage003_jpg.rf.35db834f281f15f5470823317a574f3e.jpg, 1
curvedimage017_jpg.rf.39fd5243f0271ba440e999e22aad69c1.jpg, 1
monitorimage014_jpg.rf.3846caefa86e3837962006cc7809fa2d.jpg, 1
bright_spotsimage004_jpg.rf.3dccde53c29498027243f6dd36aa6a2c.jpg, 1
nominalimage003_jpg.rf.38da81dee0ccd786f67fe72035860384.jpg, 1
noncompliantimage002_jpg.rf.39d0ea15c5edd9b628bb83fc9eba5f32.jpg, 1
curvedimage046_jpg.rf.3b7d0526d63275709cfa7b09c5a07078.jpg, 1
brightnessimage015_jpg.rf.3f767a7cbed6539c5134eae40f2d3e99.jpg, 1
curvedimage014_jpg.rf.39f59fb574950cce421b2c2ce1e5e5b4.jpg, 1
curvedimage019_jpg.rf.40742ce96e0e2593f3c6ef0a6204adf5.jpg, 1
rotationsimage015_jpg.rf.4194a2058c0782709ac57b3b844eafdd.jpg, 1
noncompliantimage012_jpg.rf.3ed3d059423c61d68169b4a50a832cca.jpg, 1
high_versionimage025_jpg.rf.3bf9b9fa13efd3273a4a360f4a3984bc.jpg, 1
monitorimage004_jpg.rf.2d18d718b7546dc1a40f37021f77e51c.jpg, 1
curvedimage025_jpg.rf.3d6932fef225c9b482d5512a9f0d6b24.jpg, 1
closeimage009_jpg.rf.4292e1eb7a9159f3954d6b8ba6301104.jpg, 1
perspectiveimage008_jpg.rf.3f24b217f1043cd925d3b9dbbb29f878.jpg, 1
nominalimage038_jpg.rf.46f9d0de6b9d420690f3aee7d18fb550.jpg, 1
brightnessimage006_jpg.rf.45b4382e07b63c81fda447ca9c513024.jpg, 1
blurredimage033_jpg.rf.4357307a039ec8648e026e1c1514b668.jpg, 1
lotsimage006_jpg.rf.45b63378c67223d5c1f9d80c77d33764.jpg, 1
shadowsimage001_jpg.rf.4bbb43c545d602a39f9825c0ddddf350.jpg, 1
curvedimage043_jpg.rf.3c8fcfdf80c5ad728832a04ec651763a.jpg, 1
curvedimage021_jpg.rf.45e68d4143d9fbff0bf7f095923cf13f.jpg, 1
glareimage028_jpg.rf.44e6390bbfa2dff658fad6633eef84c6.jpg, 1
rotationsimage026_jpg.rf.4c4dd2036fc412397c735096be763b6b.jpg, 1
nominalimage055_jpg.rf.5016dfeb1aedf96775c8326bba51278e.jpg, 1
glareimage036_jpg.rf.4494812e81dc353b49dd5c01a4832a89.jpg, 1
high_versionimage016_jpg.rf.4b6ba0d58a9d59a55fed5816ab971fbe.jpg, 1
perspectiveimage034_jpg.rf.4822f0e5deea7ab78a6d80e25b385813.jpg, 1
bright_spotsimage025_jpg.rf.46a36c2924fb61d950d94da61057edc3.jpg, 1
closeimage021_jpg.rf.4ee639a0916e59cd94ce5e0b93a1d92f.jpg, 1
blurredimage013_jpg.rf.47bbb4e38b90b68beaafa090cb242753.jpg, 1
blurredimage026_jpg.rf.51ac4916e9a5cc024b4618c4467c4ff2.jpg, 1
rotationsimage019_jpg.rf.4d112a25708e36c8838308f518b0c82f.jpg, 1
blurredimage015_jpg.rf.4b361b62763b302d1e461b58d79e5938.jpg, 1
brightnessimage025_jpg.rf.539ecd7c6587bdd95d386675c8fedf82.jpg, 1
damagedimage022_jpg.rf.49ac110aac19365bb64b025bf577860a.jpg, 1
glareimage038_jpg.rf.514f85fc5c541fed18ea96f1f18f077a.jpg, 1
curvedimage003_png.rf.53d7f77982e7348ccc9121402208979e.jpg, 1
glareimage043_jpg.rf.51d70dfad64bde26bf2f5eae86403bde.jpg, 1
rotationsimage041_jpg.rf.5458ed32cbb51a9466244269ab4a6c33.jpg, 1
glareimage026_jpg.rf.548751184cb58c0afc51ba06fed76b19.jpg, 1
v3SMS-Text_png.rf.4b20b93f1b31f6a5168712593a3c9154.jpg, 1
blurredimage031_jpg.rf.4fc1b18249a88385d264f4c258ee96cb.jpg, 1
pathologicalimage016_png.rf.4bdc024a7995a20fcc0b58d60e4fc4ab.jpg, 1
blurredimage006_jpg.rf.4e186da1370b3dce9035c0a891eb6d83.jpg, 1
high_versionimage000_jpg.rf.569704af3cbc29cbe17371503c1b57b3.jpg, 1
closeimage007_jpg.rf.57b9acafbc94380c2d5967696c6e838e.jpg, 1
curvedimage031_jpg.rf.4bed57e5bd2a7cd3902281617cfbc084.jpg, 1
closeimage030_jpg.rf.565934e9769fbff152b2de344229637e.jpg, 1
blurredimage005_jpg.rf.57745796d79420cf7fe00c98ec042b40.jpg, 1
glareimage024_jpg.rf.5732c3ae6e6110cbe63601a700014034.jpg, 1
monitorimage003_jpg.rf.5bf91c24974562f9318f57717ce37fa3.jpg, 1
curvedimage024_jpg.rf.57034616d71d1b57890f7f2475059768.jpg, 1
pathologicalimage014_png.rf.5919bb666816e65268258cffd924270f.jpg, 1
blurredimage001_jpg.rf.57e87354e135d990c851eabed40fc13c.jpg, 1
damagedimage025_jpg.rf.5d07815637b857a068ca3487a8827fe2.jpg, 1
v3YouTube_png.rf.5bd6d09978f6bbe58b3e942d608991cf.jpg, 1
bright_spotsimage026_jpg.rf.5b60b0ecd436c624b82a4a3eb0c97547.jpg, 1
monitorimage017_jpg.rf.5d5f90f393e5b32d7ec6ed106c2f3fd4.jpg, 1
bright_spotsimage010_jpg.rf.5c66a8c15fd612d285bfc533c47916e9.jpg, 1
noncompliantimage014_jpg.rf.5834c242e5eec6484e47d86b5f70f5e9.jpg, 1
shadowsimage010_jpg.rf.59f024ed8e50bffc7cb6514b0ac100d0.jpg, 1
curvedimage034_jpg.rf.5e1e33d7e48302bf1b78969edfe7536f.jpg, 1
nominalimage032_jpg.rf.5b0cda8e680617b663567f4e617387f1.jpg, 1
blurredimage014_jpg.rf.5f523555fcba1b693290587630d6c17a.jpg, 1
high_versionimage022_jpg.rf.5836b7b21616cc397b713d7ac6624840.jpg, 1
rotationsimage002_jpg.rf.5f740223f7eea9ba4ac959ff35744969.jpg, 1
damagedimage014_jpg.rf.54eedc6734b5fe0b4afeb615042e37cb.jpg, 1
nominalimage001_jpg.rf.3f2567d0225f2ff36bd521f6e20eab67.jpg, 1
perspectiveimage012_jpg.rf.649e8cc75fef5c9fc28aa8d0c83384da.jpg, 1
closeimage039_jpg.rf.63077a03d00e2b9ade2666b5eff704ee.jpg, 1
noncompliantimage003_jpg.rf.63954b8de2de93269c5990c20da0139b.jpg, 1
blurredimage036_jpg.rf.60293a109b316d3571aaa168f18a2d6a.jpg, 1
monitorimage006_jpg.rf.6358e5c57b9c355dd3e93f202837f8f1.jpg, 1
shadowsimage012_jpg.rf.63e767a27e2bccaaf9edd8797882061a.jpg, 1
damagedimage020_jpg.rf.64a8b53334a4cc364b3c2995da2e2671.jpg, 1
pathologicalimage019_png.rf.65d11088aab07bc877c7cd3bc09f0386.jpg, 1
glareimage029_jpg.rf.5be147ad9bfeba4d4d0b63357966c0d0.jpg, 1
curvedimage013_jpg.rf.5caf00ad78f1351190f44592a5c17578.jpg, 1
blurredimage012_jpg.rf.6108461f4dd8a5c5cfa346568c0878cf.jpg, 1
glareimage004_jpg.rf.595daf018691618cb3c3cc3535492b28.jpg, 1
high_versionimage001_jpg.rf.65fd66f783a8e226ce543a2ac726999b.jpg, 1
rotationsimage034_jpg.rf.6542e49f3fa8d8365158fd762864eced.jpg, 1
curvedimage011_jpg.rf.69c708f4ce95125fe46a5d83cbf3adb3.jpg, 1
nominalimage065_jpg.rf.6c692d501433dcc7e1edfd28fea8dfa1.jpg, 1
glareimage017_jpg.rf.6bce65b6810234be6a2e40742ee4a654.jpg, 1
closeimage008_jpg.rf.70744b40ab882378a595bf1683423043.jpg, 1
damagedimage013_jpg.rf.6d3526a817485720c10c20f60984ec4f.jpg, 1
damagedimage004_jpg.rf.665fc8de0cb7b291713e35fb412dc4bb.jpg, 1
v2FaceBook_png.rf.6840bcc25670e2109cd6d94ad63ea1f7.jpg, 1
nominalimage015_jpg.rf.688bc7377f74a3b0b82a405ff784b543.jpg, 1
curvedimage010_jpg.rf.6f228259adc0a5f2b429ab6b01cab086.jpg, 1
damagedimage015_jpg.rf.70d875e1ea8fca5369a0a777f2c60903.jpg, 1
nominalimage053_jpg.rf.6e843b43b60cfb037c1b8b6537e7b4bb.jpg, 1
monitorimage009_jpg.rf.683692e219b6a80ca823d0d448569f54.jpg, 1
curvedimage041_jpg.rf.68878548f020728a02239e4ce581bd73.jpg, 1
curvedimage020_jpg.rf.6f6f0ac50b35412475d1289906d12e72.jpg, 1
glareimage045_jpg.rf.717a313f098e25550c107bcbd7ec43f4.jpg, 1
bright_spotsimage023_jpg.rf.6a0b52c6f67022880ad17bd560d6cb6f.jpg, 1
curvedimage023_jpg.rf.6fe6811874d5fb28c091178b5d574550.jpg, 1
v3VCard-Title_png.rf.73d03d4cb35ebaa735e7c989d1c7ce7a.jpg, 1
blurredimage041_jpg.rf.70b6d0a1b30a8949e04cae075fcfd9aa.jpg, 1
curvedimage027_jpg.rf.7145edd0b26c8ea3401372932bf60734.jpg, 1
glareimage016_jpg.rf.6e549731d9ed929afa801139fac76425.jpg, 1
high_versionimage007_jpg.rf.77b2e853067f9b52e8db2169df6b57d2.jpg, 1
glareimage041_jpg.rf.7a23cd4b669599717ee863115e75d114.jpg, 1
monitorimage007_jpg.rf.7068c353314f3604773db666adec920c.jpg, 1
nominalimage046_jpg.rf.7c6ac1893d23e70c2f86dfe720e59fca.jpg, 1
monitorimage013_jpg.rf.7fea93f98689eb6ee2178e6dd09b36a1.jpg, 1
shadowsimage006_jpg.rf.76624560f118a0ede1e265ce3a5ada8f.jpg, 1
nominalimage019_jpg.rf.7d762e0c31f326d9b31cf0ad35b0db6e.jpg, 1
perspectiveimage032_jpg.rf.74be9db82181383cfa4984c1cb40752b.jpg, 1
perspectiveimage016_jpg.rf.7490b075e49d81b7354d3ba44482dc83.jpg, 1
nominalimage056_jpg.rf.745ea00c65a8bc60984c5cd329a4f46b.jpg, 1
blurredimage003_jpg.rf.7b3522d702ea8b4efa6b73d0f47e3e06.jpg, 1
glareimage035_jpg.rf.7664db2dd3e531bd9c6010a99487ebe8.jpg, 1
perspectiveimage031_jpg.rf.6dd7315420ceb170a76329b64b68f6ca.jpg, 1
high_versionimage018_jpg.rf.757a688b4ad9365d6653f17049a32cd9.jpg, 1
brightnessimage008_jpg.rf.78397735cde3d9f388e93115359ad109.jpg, 1
closeimage031_jpg.rf.801f8a4dd216b455577971aff65520b1.jpg, 1
closeimage025_jpg.rf.6b34fb0398d61932efa123e2aa95861e.jpg, 1
nominalimage062_jpg.rf.81edd0a2b7cb85c0f2c31e2f321eaaab.jpg, 1
brightnessimage004_jpg.rf.81eed33318238c41c14dcaae3f02db03.jpg, 1
glareimage011_jpg.rf.6fa051f3479b690a65ce13e7b6208dbb.jpg, 1
brightnessimage022_jpg.rf.75f143985269f7ec732d0aeae6e3f86d.jpg, 1
nominalimage016_jpg.rf.7b25f396d78139d0cde733bcce69db71.jpg, 1
brightnessimage010_jpg.rf.84478d67da5b56d5300ef9f553fe6060.jpg, 1
glareimage002_jpg.rf.86effcb23b52c1b798a342142c3518af.jpg, 1
closeimage002_jpg.rf.77c8c6fa914e8786503cb2720de1262b.jpg, 1
nominalimage025_jpg.rf.85866c424987d2d82cfb7889359ad6b9.jpg, 1
curvedimage045_jpg.rf.896ffcf2e43d4deb1cbd28ef81c7c89f.jpg, 1
v2MeCard-POBOX_png.rf.8c14497313040013e7f64e5d99ddd2c2.jpg, 1
nominalimage021_jpg.rf.86160b4b640974f2cc6e2470871333e6.jpg, 1
glareimage009_jpg.rf.867e8a451ed0c4cf42f081c5476bd7d7.jpg, 1
nominalimage035_jpg.rf.74592199276f6711557f3742a9b8e716.jpg, 1
closeimage020_jpg.rf.82767451b39b2074cdaacae9517e83d2.jpg, 1
pathologicalimage008_png.rf.872500c115edc80abfc6af660e389d7e.jpg, 1
v2SMS-Text_png.rf.8c614b4abb9dd9c68a60be683597d6d0.jpg, 1
shadowsimage008_jpg.rf.8833ac40627a82a43b866d8e072d712c.jpg, 1
noncompliantimage001_jpg.rf.83642674b76abbcec903188df032a830.jpg, 1
curvedimage005_png.rf.8971f4721f74754be242a2989cc720ab.jpg, 1
shadowsimage004_jpg.rf.87b972995b7442eaa384850f68f6b8e7.jpg, 1
perspectiveimage023_jpg.rf.8ccab1f79a620d330dcc94034dd45884.jpg, 1
nominalimage027_jpg.rf.87a75e4d0290bdb1fc9728bdd2312139.jpg, 1
nominalimage033_jpg.rf.8c6745c5ac46b1e7936706a202f8e78e.jpg, 1
glareimage007_jpg.rf.8c7809aa60ce623522514adfd5a02022.jpg, 1
rotationsimage001_jpg.rf.8df0949cb4f35bec08ce310979820f37.jpg, 1
curvedimage002_png.rf.88c8f6a452933f67cbd3338545af4b03.jpg, 1
perspectiveimage002_jpg.rf.882f30100e27e7bdb46b8addc1d63325.jpg, 1
high_versionimage006_jpg.rf.88a44161cad7dc03b8eb3b741fb7dc5a.jpg, 1
curvedimage022_jpg.rf.8c861b67e8af3656fc1c2ead5b3cd205.jpg, 1
closeimage032_jpg.rf.8c2e0dd0afb0303c9147a4c5386a867b.jpg, 1
closeimage038_jpg.rf.8f6ac22e7a525041437f5fa2a38f121f.jpg, 1
glareimage003_jpg.rf.959afd856bcd2ff9e125f5c3756b4dd4.jpg, 1
shadowsimage003_jpg.rf.93ae041a45bc96d5092788ca81c3d53f.jpg, 1
v2Event_png.rf.8fe7862166b33581b43c46b665aa931c.jpg, 1
glareimage006_jpg.rf.896b8eb1939602909e7be3567deddc46.jpg, 1
brightnessimage009_jpg.rf.947e9bfc26e186a8b5f9074034c3b92e.jpg, 1
blurredimage028_jpg.rf.8806e627cc6f454386d6667207170e5c.jpg, 1
curvedimage042_jpg.rf.8ef0b1d7b9935ce78e55bfcd60c134aa.jpg, 1
nominalimage047_jpg.rf.9197e38a1513c353e052d6a24ffa20da.jpg, 1
blurredimage029_jpg.rf.8f7518c9d022177b76c62d6533852a67.jpg, 1
blurredimage030_jpg.rf.94f97182d3f94cd8964a62a9a0f33bc7.jpg, 1
damagedimage010_jpg.rf.90aa6dbc38f28fa9d64b8893a0c22c8f.jpg, 1
high_versionimage009_jpg.rf.979b1d1c94fc3008e79a14769045ea46.jpg, 1
nominalimage031_jpg.rf.95cadb0573ce04d70b465a9ea939588e.jpg, 1
damagedimage002_jpg.rf.97114127ce3f172a3728906fb0ae901e.jpg, 1
nominalimage064_jpg.rf.92962a0bd255a83818c43fc8f9f0dcfc.jpg, 1
closeimage026_jpg.rf.914fa387df0db79bce114fa46f65fec6.jpg, 1
glareimage001_jpg.rf.9604eb347d5054fac0c88337625fe93d.jpg, 1
high_versionimage017_jpg.rf.8e625583b499045bc4d698cf05602c33.jpg, 1
curvedimage037_jpg.rf.97969c2226cd55dd2c20964e6ac1b619.jpg, 1
damagedimage036_jpg.rf.981f8c60be5993e6a82ea7fbbf7d1662.jpg, 1
monitorimage015_jpg.rf.97bfbead05aac94d74a1e17086eb5fcc.jpg, 1
perspectiveimage013_jpg.rf.8e792520c0f4369367cd1bb4ac8a216b.jpg, 1
perspectiveimage025_jpg.rf.96120443438c935d5d93ef1a3ff82ffb.jpg, 1
high_versionimage030_jpg.rf.97bd8ead79aec223cdffa437e60d8836.jpg, 1
curvedimage033_jpg.rf.95f76850790d5ffe47dec5a5f137dc42.jpg, 1
blurredimage009_jpg.rf.9d4b4908f5541e91c291e6f8d6b44bf7.jpg, 1
shadowsimage002_jpg.rf.9b11c029e375537e782e1c08c3c1d609.jpg, 1
perspectiveimage003_jpg.rf.9b516eedeb54bafe8b4db09eb2850e23.jpg, 1
nominalimage012_jpg.rf.9ba43ad494d9883e31fbff9d1d4d94e5.jpg, 1
damagedimage029_jpg.rf.9e80aecc12a6cea34a11790db8733a16.jpg, 1
rotationsimage032_jpg.rf.97c4402ffa5eca19ac17f628f44f9b93.jpg, 1
damagedimage008_jpg.rf.9ed4194d17a329410909ba0ae4b598c3.jpg, 1
closeimage037_jpg.rf.9d7baf9d9fbbce565caae156ed4c614b.jpg, 1
damagedimage033_jpg.rf.9d7dd712a933ec765f2591fa97c8bb8e.jpg, 1
perspectiveimage035_jpg.rf.9cb3cb8106116c741704c888790f1824.jpg, 1
high_versionimage024_jpg.rf.9ebebd0b4152c7285cffb33828ee345d.jpg, 1
rotationsimage016_jpg.rf.9cb46fd3fe5c25f691fed7fb24cd8f0a.jpg, 1
nominalimage024_jpg.rf.a29d3e372e98df24938287bc7561ec24.jpg, 1
closeimage004_jpg.rf.a1f432f1a1294fa3cf8bea888ccb2022.jpg, 1
curvedimage044_jpg.rf.97dd99427bc4453b4dd6d87ab4f0fc99.jpg, 1
nominalimage020_jpg.rf.a40266a5f3713c0d3efc40fa6a8a7c1b.jpg, 1
brightnessimage020_jpg.rf.a440ab660506c5955a93c4bc93ca6d06.jpg, 1
damagedimage024_jpg.rf.a03f9c50d7db27f1124b998b1a88dfb1.jpg, 1
shadowsimage007_jpg.rf.9eb51ef809fea5ad69a3f33bf7012b8a.jpg, 1
bright_spotsimage006_jpg.rf.9c9b8dbda9e116ef8a8cbf38af22fb6b.jpg, 1
v2Website_png.rf.9f6bca34da7df1dd09b07559d4261b2a.jpg, 1
noncompliantimage015_jpg.rf.a0bab751dff29e0c0c41fb39fda58121.jpg, 1
perspectiveimage004_jpg.rf.a4682abdc56c135171fc4a31cc221c3e.jpg, 1
lotsimage002_jpg.rf.9af71e7b6cb5af7e5ba6fe0f1ac13590.jpg, 1
blurredimage023_jpg.rf.a3d9ad4c90aa90d3087f8ec89ff9e640.jpg, 1
blurredimage035_jpg.rf.9ff5f91cd010193b1233a92e877785f1.jpg, 1
bright_spotsimage013_jpg.rf.9f6873af3c03a1104830aac1ef8aa1b3.jpg, 1
closeimage036_jpg.rf.a35f4a235b2a712667d4939d90c3ebef.jpg, 1
high_versionimage014_jpg.rf.a61645e6580f105a309d199b26df6a4a.jpg, 1
closeimage005_jpg.rf.a6ef0857a01a7a9f040f99f7a2fcbfd0.jpg, 1
glareimage018_jpg.rf.a6808db0faa4d2adcc57986bfeee0cb3.jpg, 1
glareimage046_jpg.rf.a5e8a59c198ad6e56717af6b7b2ea567.jpg, 1
damagedimage037_jpg.rf.a6922df289538055fb49b2266621a2e6.jpg, 1
glareimage033_jpg.rf.a5b4d2d3ca41d25f3d486bace1c7e509.jpg, 1
brightnessimage014_jpg.rf.aef31fbeb57309e8af5b2981caa00a6f.jpg, 1
damagedimage035_jpg.rf.a92cefe2668fb280c0b1fa32b3dd86cc.jpg, 1
perspectiveimage007_jpg.rf.a79527ebdb78a136adb6ea8e6162f154.jpg, 1
closeimage029_jpg.rf.abb5d8876757f46fe73e13059c7d5dc3.jpg, 1
rotationsimage013_jpg.rf.ad551881e9ca1a3b5ff44c8434c50a28.jpg, 1
glareimage049_jpg.rf.af6c1a856a439df1964509566804686e.jpg, 1
nominalimage002_jpg.rf.a7575122dccde4d8851281991bf600a4.jpg, 1
pathologicalimage004_png.rf.af69bb5b8cac0373968dc47c89889294.jpg, 1
bright_spotsimage016_jpg.rf.a7a4f4640d540d4070368a21fb6ad31b.jpg, 1
glareimage027_jpg.rf.a810389610c4e64b72163b6bd087aaca.jpg, 1
rotationsimage038_jpg.rf.ac069c2c236b5fffd8a95db5eaa9c43d.jpg, 1
closeimage015_jpg.rf.aef6ca6ba5656cfc1c5ac4ebebdb8dfe.jpg, 1
curvedimage049_jpg.rf.97a5dfb701bb1d3a91091bba406f0fae.jpg, 1
high_versionimage015_jpg.rf.acdddbd118df47af7be8121657806a9d.jpg, 1
damagedimage019_jpg.rf.a8b9de788728527810a944d3f1a7d72e.jpg, 1
perspectiveimage027_jpg.rf.adeb95b0e6eaf17756dfea3034e42877.jpg, 1
blurredimage032_jpg.rf.b16ce3be0c5d2e32bac43dcf5669363b.jpg, 1
pathologicalimage018_png.rf.b0eda71a032b1b56bac78de1602d0139.jpg, 1
monitorimage005_jpg.rf.b54e91bde4cca98c58ceb7b8b928d761.jpg, 1
nominalimage026_jpg.rf.b107dd4b168ff125bab644098ce70b4d.jpg, 1
nominalimage057_jpg.rf.b1894ad53df7a72581d1f6579aaa6e51.jpg, 1
closeimage027_jpg.rf.b2edfd292ec67b4de2cb94f73a293156.jpg, 1
pathologicalimage012_png.rf.b6a6d67d98c28b0ea25f26d54194346d.jpg, 1
nominalimage052_jpg.rf.b3fa9021dde08c52b9bddbd508a583a5.jpg, 1
high_versionimage028_jpg.rf.b881a17fe280b7400ad468b28069b308.jpg, 1
damagedimage011_jpg.rf.b4ac22c740b3ba05b3d78748f0184a66.jpg, 1
noncompliantimage004_jpg.rf.b36e3a00208f33c0160a47afd7dbccac.jpg, 1
damagedimage009_jpg.rf.b9d58cd9304ca8942ebe05eb3bf26e37.jpg, 1
glareimage037_jpg.rf.bb10d103eba2762ed9bba00a17b137e5.jpg, 1
blurredimage021_jpg.rf.b9fce0dd15f2df559ca07d130b672912.jpg, 1
damagedimage012_jpg.rf.b9a19b71b4186d7913074efda9456328.jpg, 1
bright_spotsimage017_jpg.rf.bb4424d17cf548290d6a16f981bd7697.jpg, 1
high_versionimage032_jpg.rf.b8bfd71e3ed20f4f46f935eceead9b05.jpg, 1
curvedimage026_jpg.rf.bfbc6ba01453aa1e2300c7bd40d95ac6.jpg, 1
curvedimage050_jpg.rf.bc634d5769d8b84907763d49abb0e377.jpg, 1
closeimage024_jpg.rf.b703e70f68584227b919655749bf675c.jpg, 1
noncompliantimage011_jpg.rf.c2b1d06f4a901d0e2fcacb1afd8ceffe.jpg, 1
rotationsimage044_jpg.rf.c0ce1b6e9531052e07ae3026c5976fce.jpg, 1
brightnessimage019_jpg.rf.c0c225fe4a8ab79c9158588512d5bcba.jpg, 1
damagedimage001_jpg.rf.bdf1a74b7e51207581f2a35a2ac90f07.jpg, 1
nominalimage037_jpg.rf.c16738ac16916ffbbd14ca9da84528ec.jpg, 1
blurredimage007_jpg.rf.b38bf95af1bbe580ae35f782172210bb.jpg, 1
rotationsimage008_jpg.rf.c1db45bbbaaf71d4aaa7936f5ab230e4.jpg, 1
pathologicalimage005_png.rf.bbfe4f2d6f8268d6665e749394f7737f.jpg, 1
glareimage047_jpg.rf.c2dd9c4c43f6cdeaf6bbd35aef527b54.jpg, 1
glareimage032_jpg.rf.c1e8a12151013e5828b674e17ea9e8ae.jpg, 1
v2MeCard-Notes_png.rf.bd64b269a5c194ac0c24e16942d191eb.jpg, 1
closeimage010_jpg.rf.c309a2981ee22c488b1dcfc64da0a764.jpg, 1
curvedimage001_png.rf.c4b37077d879a2843788f47dfa80a3e4.jpg, 1
bright_spotsimage009_jpg.rf.c255b56663f38e5bf54b5e61573eeb44.jpg, 1
glareimage019_jpg.rf.c6475594d59f76a342cbfccf49322c34.jpg, 1
nominalimage017_jpg.rf.c69bc043275e0452dc75041883696355.jpg, 1
perspectiveimage033_jpg.rf.c4993572acf43cbeb0ee6c5dbb00f872.jpg, 1
nominalimage063_jpg.rf.c52ffd77e210bf496b887b5e9c19cec4.jpg, 1
high_versionimage012_jpg.rf.c0b291a16f6a535c81395de149c86aaa.jpg, 1
blurredimage044_jpg.rf.c8152db0aeb3d876151d2348b8340973.jpg, 1
blurredimage024_jpg.rf.c72a5280a2de9319b78d700c71930412.jpg, 1
nominalimage013_jpg.rf.c73ad50429697e22e9c2f80f21d2824d.jpg, 1
blurredimage016_jpg.rf.c4d7da6d7474e68eb9cb08488a959d8f.jpg, 1
high_versionimage003_jpg.rf.c9f2b147b288b4fa6c7ed3338b021f66.jpg, 1
monitorimage002_jpg.rf.cc660606bd1509ab736f3a1ea720995d.jpg, 1
bright_spotsimage022_jpg.rf.cd99ca2fbc93821ed3465d0b3e456c8d.jpg, 1
rotationsimage020_jpg.rf.c8c939c80602ce6864d48168f859f3ef.jpg, 1
nominalimage058_jpg.rf.ccb2f4cdafddb0bcff36adb803c85913.jpg, 1
lotsimage001_jpg.rf.ccd98d47366acf6dba46a9b7116e90db.jpg, 1
high_versionimage013_jpg.rf.ce4a8cddbf55b0da7d775bc11996ebae.jpg, 1
noncompliantimage013_jpg.rf.c2d44268d8b49dcc061eae11cf11dcff.jpg, 1
pathologicalimage015_png.rf.cfbebab5bc93c608620401e90f3a3607.jpg, 1
damagedimage007_jpg.rf.d1483db691da64864477697fff9b3c4a.jpg, 1
nominalimage036_jpg.rf.c924c1d730b60fc2dca63a7c4b11defe.jpg, 1
bright_spotsimage003_jpg.rf.ca4c7c1c0393e78967b0e7b979ff210b.jpg, 1
rotationsimage043_jpg.rf.cac09ee79889bb92f5d87a9436513532.jpg, 1
brightnessimage007_jpg.rf.d09469eb9ea505e4920944b5a94664ad.jpg, 1
closeimage006_jpg.rf.ced3a3c798d700903ba3e1615e061b0f.jpg, 1
brightnessimage016_jpg.rf.d02233f1d82030facbbe81c20f028e45.jpg, 1
pathologicalimage003_png.rf.cef72bb806ef6c18121d59cb62f71f47.jpg, 1
high_versionimage008_jpg.rf.c7388683d4c9778a9822659727224c2f.jpg, 1
nominalimage011_jpg.rf.cdfaf2edc92f7dfee5b7a8c6252b5ebd.jpg, 1
glareimage034_jpg.rf.d3e49340730f41620aeae9f4ea92e7aa.jpg, 1
high_versionimage010_jpg.rf.c8dba706cd816d527458a2b7fd274729.jpg, 1
bright_spotsimage027_jpg.rf.d17bdb8a1b8bb9ad6422eff323c6c2f3.jpg, 1
damagedimage030_jpg.rf.d5d0add66175630c8d6b3bd9149bae27.jpg, 1
nominalimage049_jpg.rf.d16101759d3c5528177da238e9030bc0.jpg, 1
pathologicalimage022_png.rf.d45a034c06631b87357ac14e547e554b.jpg, 1
v2VCard-Encoding_png.rf.d1cf022441fe656978f7aad464b47d38.jpg, 1
perspectiveimage006_jpg.rf.d8c5e45aeeeb199b78646c42248b2159.jpg, 1
blurredimage025_jpg.rf.d65e9756af24f9eb08aafc3b9120c10f.jpg, 1
bright_spotsimage011_jpg.rf.c6bcbd33a5d06df5aacef7939ca09cba.jpg, 1
perspectiveimage022_jpg.rf.d794c65b2af0b6bf6002f24023432d45.jpg, 1
bright_spotsimage012_jpg.rf.d856d52f0ae3cd1b0cd11726f298a3cf.jpg, 1
damagedimage026_jpg.rf.d5e0e02c7544db0fc818be0b12831d47.jpg, 1
noncompliantimage010_jpg.rf.da111861e0d6a5d484589885cded204b.jpg, 1
bright_spotsimage001_jpg.rf.d97178a437955ab60d4610869310a141.jpg, 1
pathologicalimage020_png.rf.d708525cf1b9df84ce431def721b81e2.jpg, 1
damagedimage018_jpg.rf.d9d8c8018c818080e2a1f48582d3ad69.jpg, 1
closeimage033_jpg.rf.d8c4be90abc6e19e6fa2b1b6e2d61486.jpg, 1
nominalimage004_jpg.rf.d47861da013f7902b7f80c0ce3cfa89d.jpg, 1
bright_spotsimage014_jpg.rf.d9d1b7e45622cb9481dedec5119ec517.jpg, 1
rotationsimage023_jpg.rf.da8ae19216362cfd59628445fe1189c8.jpg, 1
noncompliantimage007_jpg.rf.ca40e4701be236be0810dbaee11a274e.jpg, 1
rotationsimage006_jpg.rf.da02db276121bc8bde3bdac9eb629f68.jpg, 1
closeimage028_jpg.rf.d6dce56140afbdc4041e7e758eab0e8e.jpg, 1
noncompliantimage006_jpg.rf.daa206de47124481ca5112a0f005f75f.jpg, 1
perspectiveimage014_jpg.rf.dad8dcaa12b5bdcb2536fe6b504fddbc.jpg, 1
rotationsimage029_jpg.rf.d0f5054e9a2c25c27151828a3e6f8f6e.jpg, 1
nominalimage044_jpg.rf.d7f1118c24221e70f8de5d245787cdf2.jpg, 1
curvedimage009_jpg.rf.db83549eee3dc67c838fbcb98e741c75.jpg, 1
blurredimage010_jpg.rf.dad5ff9f5f3d07fa43aae1871b0ff4f6.jpg, 1
nominalimage039_jpg.rf.dbb635b316c22a30490e2bd2daebc431.jpg, 1
nominalimage034_jpg.rf.db2798a9d76c82a64c95539a8c895048.jpg, 1
perspectiveimage001_jpg.rf.dd8e0ca799965acf39ebff52d325f12b.jpg, 1
blurredimage004_jpg.rf.e1c98c41a4f80bc73b53c557f0948f26.jpg, 1
blurredimage020_jpg.rf.ddd9e4b41ebb92a0c6d297c30b40c3d9.jpg, 1
lotsimage004_jpg.rf.ddddbce5749bf9714890d1980754c442.jpg, 1
v2Twitter_png.rf.e00caefa13f05e55307de0f993b31c24.jpg, 1
curvedimage004_png.rf.e10f778a096fcd6984d7d59652bff510.jpg, 1
bright_spotsimage028_jpg.rf.dee26af6e0801e4d51e4372dd3aa8719.jpg, 1
nominalimage007_jpg.rf.dcd7afd0a47e3a07195b606157ec50bc.jpg, 1
nominalimage050_jpg.rf.dd014a92a7befffdddf986763b6201c6.jpg, 1
nominalimage018_jpg.rf.dd88bbdfeb44ee739e3f53a9ba8439be.jpg, 1
brightnessimage013_jpg.rf.e3255a1077709c7812394b24e969b8b3.jpg, 1